people laughing and talking outside during daytime	https://images.unsplash.com/photo-1491438590914-bc09fcaaf77a?ixlib=rb-1.2.1&q=80&fm=jpg&crop=entropy&cs=tinysrgb&w=1080&fit=max&ixid=eyJhcHBfaWQiOjEyMDd9
three women posting for picture	https://images.unsplash.com/photo-1498661367879-c2085689eed4?ixlib=rb-1.2.1&q=80&fm=jpg&crop=entropy&cs=tinysrgb&w=1080&fit=max&ixid=eyJhcHBfaWQiOjEyMDd9
four women sitting on black steel bench during daytime	https://images.unsplash.com/photo-1529903384028-929ae5dccdf1?ixlib=rb-1.2.1&q=80&fm=jpg&crop=entropy&cs=tinysrgb&w=1080&fit=max&ixid=eyJhcHBfaWQiOjEyMDd9
group of women facing backward	https://images.unsplash.com/photo-1504194921103-f8b80cadd5e4?ixlib=rb-1.2.1&q=80&fm=jpg&crop=entropy&cs=tinysrgb&w=1080&fit=max&ixid=eyJhcHBfaWQiOjEyMDd9
woman wearing holding her head	https://images.unsplash.com/photo-1500522144261-ea64433bbe27?ixlib=rb-1.2.1&q=80&fm=jpg&crop=entropy&cs=tinysrgb&w=1080&fit=max&ixid=eyJhcHBfaWQiOjEyMDd9
girl standing near brown building during daytime	https://images.unsplash.com/photo-1520960858461-ac671067213e?ixlib=rb-1.2.1&q=80&fm=jpg&crop=entropy&cs=tinysrgb&w=1080&fit=max&ixid=eyJhcHBfaWQiOjEyMDd9
three woman looking back and facing body of water	https://images.unsplash.com/photo-1466695108335-44674aa2058b?ixlib=rb-1.2.1&q=80&fm=jpg&crop=entropy&cs=tinysrgb&w=1080&fit=max&ixid=eyJhcHBfaWQiOjEyMDd9
man and woman smiling while laying on lawn field	https://images.unsplash.com/photo-1505535162959-9bbcb4ab22d6?ixlib=rb-1.2.1&q=80&fm=jpg&crop=entropy&cs=tinysrgb&w=1080&fit=max&ixid=eyJhcHBfaWQiOjEyMDd9
group of women standing on rock fragment	https://images.unsplash.com/photo-1498661694102-0a3793edbe74?ixlib=rb-1.2.1&q=80&fm=jpg&crop=entropy&cs=tinysrgb&w=1080&fit=max&ixid=eyJhcHBfaWQiOjEyMDd9
two woman sitting on beach sand while facing sunlight	https://images.unsplash.com/photo-1532969200589-57f1fe57aaab?ixlib=rb-1.2.1&q=80&fm=jpg&crop=entropy&cs=tinysrgb&w=1080&fit=max&ixid=eyJhcHBfaWQiOjEyMDd9
woman raising her two hands with splashing water	https://images.unsplash.com/photo-1539644218219-63c3b66d65bd?ixlib=rb-1.2.1&q=80&fm=jpg&crop=entropy&cs=tinysrgb&w=1080&fit=max&ixid=eyJhcHBfaWQiOjEyMDd9
silhouette of three people up on mountain cliff	https://images.unsplash.com/photo-1506782081254-09bcfd996fd6?ixlib=rb-1.2.1&q=80&fm=jpg&crop=entropy&cs=tinysrgb&w=1080&fit=max&ixid=eyJhcHBfaWQiOjEyMDd9
three women lying on bed while raising their feet	https://images.unsplash.com/photo-1535268244390-8b989b92d2bc?ixlib=rb-1.2.1&q=80&fm=jpg&crop=entropy&cs=tinysrgb&w=1080&fit=max&ixid=eyJhcHBfaWQiOjEyMDd9
woman standing outdoor during daytime	https://images.unsplash.com/photo-1476493279419-b785d41e38d8?ixlib=rb-1.2.1&q=80&fm=jpg&crop=entropy&cs=tinysrgb&w=1080&fit=max&ixid=eyJhcHBfaWQiOjEyMDd9
woman hug each other	https://images.unsplash.com/photo-1522621032211-ac0031dfbddc?ixlib=rb-1.2.1&q=80&fm=jpg&crop=entropy&cs=tinysrgb&w=1080&fit=max&ixid=eyJhcHBfaWQiOjEyMDd9
two woman sitting on bed inside room	https://images.unsplash.com/photo-1530011940847-04cba36df39f?ixlib=rb-1.2.1&q=80&fm=jpg&crop=entropy&cs=tinysrgb&w=1080&fit=max&ixid=eyJhcHBfaWQiOjEyMDd9
women's wearing blue denim jacket standing on the street	https://images.unsplash.com/photo-1517365830460-955ce3ccd263?ixlib=rb-1.2.1&q=80&fm=jpg&crop=entropy&cs=tinysrgb&w=1080&fit=max&ixid=eyJhcHBfaWQiOjEyMDd9
woman wearing gray turtle-neck top standing near white wall	https://images.unsplash.com/photo-1504703395950-b89145a5425b?ixlib=rb-1.2.1&q=80&fm=jpg&crop=entropy&cs=tinysrgb&w=1080&fit=max&ixid=eyJhcHBfaWQiOjEyMDd9
None	https://images.unsplash.com/photo-1521139177603-d337b82206b7?ixlib=rb-1.2.1&q=80&fm=jpg&crop=entropy&cs=tinysrgb&w=1080&fit=max&ixid=eyJhcHBfaWQiOjEyMDd9
woman with pink lipstick on hole of pink paper	https://images.unsplash.com/photo-1498842812179-c81beecf902c?ixlib=rb-1.2.1&q=80&fm=jpg&crop=entropy&cs=tinysrgb&w=1080&fit=max&ixid=eyJhcHBfaWQiOjEyMDd9
None	https://images.unsplash.com/photo-1521139177603-d337b82206b7?ixlib=rb-1.2.1&q=80&fm=jpg&crop=entropy&cs=tinysrgb&w=1080&fit=max&ixid=eyJhcHBfaWQiOjEyMDd9
woman holding bicycle beside wall bricks	None
woman using smartphone in front of seawater	None
woman wearing white top near black window blinds in room	None
woman standing in front of fence	None
woman walking on dirt road near plants	None
woman standing on rock formation near green cacti during daytime	None
woman wearing white sleeveless top with hands above head	None
three woman looking back and facing body of water	None
woman holding brown sun hat on shore during sunset	None
selective focus photo of girl in shirt smiling	None
three women walking on road	None
woman wearing gray coat, scarf and brown leather crossbody bag during daytime	None
woman standing near green plantt	None
grayscale photo of person sitting on bench	None
woman wearing green woven head band	None
women's black strapless crop top	None
woman holding gray bicycle	None
person standing beside window	None
woman wearing eyeglasses and touching own hair	None
woman leaning on wall	None
shallow focus photography of woman holding shopping bags during day	None
woman sitting near pink flowers at daytime	None
grayscale picture of bride holding flower bouquet	None
woman wearing black long-sleeved dress	None
woman wearing black sunglasses on stairs	None
woman leaning on brown wooden frame	None
person walking on pathway in between building and parked bicycles at daytime	None
woman wearing black and white striped dress standing in isle near green plants	None
women's white floral sweetheart neckline dress dancing	None
woman waving her hair	None
walking woman wearing red and white floral half-sleeved dress near the building during daytime	None
women's pink dress shirt	None
two women taking groupie	None
two women standing on snow covered surface	None
woman leaning her head to another woman during daytime	None
pregnant woman in white dress holding her tummy	None
woman wearing black knitted cap	None
women's gray long sleeve shirt	None
.DS_S	None
smiling woman	None
woman wearing white shirt standing	None
woman kneeling on sandy beach while covering front	None
woman smiling wearing yellow tank top	None
woman holding assorted-color flower bouquet	None
woman standing beside wall	None
shallow focus photography of woman	None
woman wearing gray turtle-neck top standing near white wall	None
bridesmaids wearing gray gowns	None
woman wearing brown sun hat standing on grass near white house	None
woman standing in the middle of the road	None
woman standing near plant	None
woman wearing pink long-sleeved dress standing inside building	None
woman standing in front of bushes	None
woman in black and white sleeveless dress on gray and brown steel frames	None
women's multicolored top	None
woman standing on gray road selective focal photo	None
toddler girl touching glass tank	None
group of women raising champagne flutes	None
two women standing near green plants and string lights during daytime	None
woman in black Ray-Ban sunglasses	None
woman riding on commuter bike during daytime	None
two women walking on pedestrian lane	None
six women wearing white pants posing	None
woman in white dress looking at body of water	None
woman sitting while reading near body of water	None
four girls walking near warehouse during daytime	None
woman standing on road	None
grey leather crossbody bag	None
woman crossing highway during nighttime	None
person wearing distressed white pants and brown suede lace-up sandals	None
woman standing by wall holding mug	None
woman wearing black sunglasses	None
two person sitting while holding clear glass mason mugs	None
photo of person wearing brown and orange floral maxi dress walking barefooted along deserted land	None
two women sitting on rock while holding books	None
woman in red blazer leaning on gray railings on selective focus photography	None
woman wearing white dress raising her two hands surrounded white petaled flowers during sunset	None
woman in gray shirt with left hand on her chin	None
woman in blue floral sleeveless top in front of a wall	None
woman in white and black top outside	None
woman wearing pink dress lying on cement	None
bride sits on bench under tree	None
woman sitting on selective focus photography	None
woman smelling brown leaf	None
woman standing at sunflower field	None
three women standing at the sunflower farm during daytime	None
woman wearing black see-through dress	None
woman in white sleeveless dress sitting on piles of leaves	None
woman in white coat	None
woman sitting on window	None
woman wearing pink bolero and black leggings standing in front of glass wall	None
woman looking towards forest during daytime	None
woman standing and posing next to a tree outdoor	None
woman talking through mobile phone while sitting on swivel armchair	None
woman wearing white dress	None
woman wearing grey jacket and white shirt	None
aerial view photography of clear sea at daytime	None
woman wearing sunglasses	None
woman standing near building beside road at nighttime	None
woman holding plastic cup	None
silhouette of woman standing near building	None
woman standing near rice field	None
woman wearing black, purple, and red dress	None
woman wearing pink dress while standing near black metal rail at daytime	None
woman touching her hair standing near teal gate	None
woman in white and pink dress on stairs with her right hand on her head during daytime	None
woman standing on top of rock on body of water during daytime	None
woman in black V neck long sleeved shirt	None
woman standing outdoor during daytime	None
woman holding black smartphone near gray metal frame at daytime	None
two women standing on sports field during daytime	None
woman standing on forest	None
woman standing on brown grass field under blue sky	None
three assorted-color wigs on practice heads collage	None
woman walking on forest trail looking downwards	None
woman wearing blue denim jacket standing beside wall	None
woman standing on top of a hill	None
woman standing on green grass field	None
woman holding hair leaning on wall	None
woman holding other woman hand	None
woman with sunglasses in room surrounded by wooden panels	None
woman smiling and sitting near people and wall	None
woman standing on gray sand under sunrise	None
woman wearing teal and white long-sleeved dress	None
woman posing in body of water	None
woman sitting on white box	None
smiling woman wearing red long-sleeved lace top	None
grayscale photography of Lily Collins in suit jacket	None
two woman beside wall	None
woman wearing black sleeveless bodycon dress	None
assorted clothes in wooden hangers	None
woman leaning on white concrete wall during daytime	None
two women walking around near mountain at daytime	None
woman with pink lipstick on hole of pink paper	None
woman in gray long-sleeved top on focus photography	None
woman wearing red framed sunglasses	None
woman in black off-shoulder crop-top standing on grass field	None
six women leaning on white wall	None
people performing on stage	None
person in black velcro sandals	None
woman standing next to pink wall while scratching her head	None
woman wearing gray booties dancing	None
grayscale photo of woman surrounded by grass	None
woman wearing white wedding dress standing near pink flowering trees	None
woman standing in between plants	None
woman standing on gray concrete pavement	None
person standing wearing white dress	None
woman ride-on motorcycle beside man	None
women's distressed blue denim jeans and pair of white Converse Allstar high-tops	None
woman holding white flowers during daytime	None
bride and groom hugging	None
photography of woman covered with her hair while jumping	None
gold iPhone 6 on person's pocket	None
woman wearing blue denim jacket standing on grass field	None
two women wearing white shirts	None
woman standing behind yellow concrete wall during daytime	None
women's gray hat	None
woman wearing red long-sleeved top touching her cheek	None
woman sit on bench facing on concrete wall	None
woman standing near building	None
red, white, and black scoop-neck top	None
woman surrounded by brown grass	None
woman in white deep V-neck sleeveless dress surrounded with plants	None
woman wearing black Back to the Future sweater	None
woman standing on green grass near mountain during daytime	None
woman in black dress wearing brown sandals	None
woman leaning on black handrail	None
woman wearing white and blue polka-dot button-up cap-sleeved shirt	None
woman standing near green grass and trees at daytime	None
woman in sari dress standing near purple wall	None
woman in black sleeveless blouse standing and smiling	None
women's blue denim shirt	None
woman near building	None
grayscale photography of woman standing near plants	None
woman standing of flower field	None
woman in a red off shoulder top	None
woman holding window curtain	None
woman sitting on rock in front of mountain	None
woman standing near railing	None
smiling woman wearing green and multicolored floral robe and sunglasses standing beside metal fence during daytime	None
person holding camera taking photo of woman standing near gray wall	None
red and pink flower headdress on woman's head	None
shallow focus photography of woman leaning on plant	None
bride smelling the flowers	None
two persons holding each other's hands	None
two persons stepping on ground	None
woman wearing black shirt	None
woman standin on stairs	None
photography of group of people sitting on bench	None
woman using smartphone in front of red and blue lighted glass store	None
blonde woman in blue denim jacket	None
standing woman holding hat at the field during day	None
woman holding clear glass bottle during daytime	None
man holding white ceramic teacup	None
child holding photo of lips	None
woman holding brown and pink floral leather crossbody bag	None
two woman taking a sideview selfie	None
woman smiling while sitting	None
woman in black and white dress shirt standing and leaning on metal railing	None
woman in black shirt and brown cardigan	None
photo of sitting woman wearing red dress and grey cowboy hat with black tattoo in her right arm	None
grayscale photo of bride and groom walking	None
two women and man sitting down on bench	None
woman wearing white and blue jacket	None
portrait photography of woman standing near Ferris Wheel	None
woman holding her jacket	None
shallow focus photography of woman facing sideways during daytime	None
woman in orange and black top and eyeglasses	None
female women standing near black pole	None
woman wearing gray crew-neck t-shirt	None
woman standing in grass field	None
woman in blue pinstriped dress shirt	None
photo of woman holding white and black paper bags	None
woman reading book while sitting on chair	https://images.unsplash.com/photo-1460518451285-97b6aa326961?ixlib=rb-1.2.1&q=80&fm=jpg&crop=entropy&cs=tinysrgb&w=1080&fit=max&ixid=eyJhcHBfaWQiOjEyMDd9
black and white photo of woman looking upward	https://images.unsplash.com/photo-1486074051793-e41332bf18fc?ixlib=rb-1.2.1&q=80&fm=jpg&crop=entropy&cs=tinysrgb&w=1080&fit=max&ixid=eyJhcHBfaWQiOjEyMDd9
women's pink turban	https://images.unsplash.com/photo-1505964862204-b1eff3cc4536?ixlib=rb-1.2.1&q=80&fm=jpg&crop=entropy&cs=tinysrgb&w=1080&fit=max&ixid=eyJhcHBfaWQiOjEyMDd9
two woman smiling	https://images.unsplash.com/photo-1524087460115-e21f419c9e1e?ixlib=rb-1.2.1&q=80&fm=jpg&crop=entropy&cs=tinysrgb&w=1080&fit=max&ixid=eyJhcHBfaWQiOjEyMDd9
smiling woman wearing black and orange floral top	https://images.unsplash.com/flagged/photo-1565347435054-ecbd81c57aa8?ixlib=rb-1.2.1&q=80&fm=jpg&crop=entropy&cs=tinysrgb&w=1080&fit=max&ixid=eyJhcHBfaWQiOjEyMDd9
grayscale photography of woman near trees	https://images.unsplash.com/photo-1561045029-ae0e91bf911a?ixlib=rb-1.2.1&q=80&fm=jpg&crop=entropy&cs=tinysrgb&w=1080&fit=max&ixid=eyJhcHBfaWQiOjEyMDd9
woman wearing red dress kneeling on sand	https://images.unsplash.com/photo-1550928431-ee0ec6db30d3?ixlib=rb-1.2.1&q=80&fm=jpg&crop=entropy&cs=tinysrgb&w=1080&fit=max&ixid=eyJhcHBfaWQiOjEyMDd9
women's green and black mini dress	https://images.unsplash.com/photo-1548867568-8e973afb8fba?ixlib=rb-1.2.1&q=80&fm=jpg&crop=entropy&cs=tinysrgb&w=1080&fit=max&ixid=eyJhcHBfaWQiOjEyMDd9
woman standing under metal frame	https://images.unsplash.com/photo-1564942154946-6143265a1e48?ixlib=rb-1.2.1&q=80&fm=jpg&crop=entropy&cs=tinysrgb&w=1080&fit=max&ixid=eyJhcHBfaWQiOjEyMDd9
woman wearing white dress on garden	https://images.unsplash.com/photo-1495191712857-c3a9aa54f482?ixlib=rb-1.2.1&q=80&fm=jpg&crop=entropy&cs=tinysrgb&w=1080&fit=max&ixid=eyJhcHBfaWQiOjEyMDd9
woman wearing red 3/4-sleeved dress	https://images.unsplash.com/photo-1562349486-3355f0c8cefa?ixlib=rb-1.2.1&q=80&fm=jpg&crop=entropy&cs=tinysrgb&w=1080&fit=max&ixid=eyJhcHBfaWQiOjEyMDd9
woman holding her hair in grayscale photo	https://images.unsplash.com/photo-1562704481-fdc9628756aa?ixlib=rb-1.2.1&q=80&fm=jpg&crop=entropy&cs=tinysrgb&w=1080&fit=max&ixid=eyJhcHBfaWQiOjEyMDd9
woman leaning on green tree	https://images.unsplash.com/photo-1552564730-ad779f3b42ce?ixlib=rb-1.2.1&q=80&fm=jpg&crop=entropy&cs=tinysrgb&w=1080&fit=max&ixid=eyJhcHBfaWQiOjEyMDd9
woman wearing blue and white floral spaghetti-strap dress	https://images.unsplash.com/photo-1563178406-4cdc2923acbc?ixlib=rb-1.2.1&q=80&fm=jpg&crop=entropy&cs=tinysrgb&w=1080&fit=max&ixid=eyJhcHBfaWQiOjEyMDd9
woman wearing black crop top and red silt skirt	https://images.unsplash.com/photo-1481578279695-5864d6d6ff2a?ixlib=rb-1.2.1&q=80&fm=jpg&crop=entropy&cs=tinysrgb&w=1080&fit=max&ixid=eyJhcHBfaWQiOjEyMDd9
woman standing holding her hands	https://images.unsplash.com/photo-1534614610-e8515f281a37?ixlib=rb-1.2.1&q=80&fm=jpg&crop=entropy&cs=tinysrgb&w=1080&fit=max&ixid=eyJhcHBfaWQiOjEyMDd9
woman in grey shirt and black denim fans	https://images.unsplash.com/photo-1543059509-6d53dbee1728?ixlib=rb-1.2.1&q=80&fm=jpg&crop=entropy&cs=tinysrgb&w=1080&fit=max&ixid=eyJhcHBfaWQiOjEyMDd9
woman wearing white spaghetti strap dress standing near gray rock	https://images.unsplash.com/photo-1563886491100-5f14ad52ec43?ixlib=rb-1.2.1&q=80&fm=jpg&crop=entropy&cs=tinysrgb&w=1080&fit=max&ixid=eyJhcHBfaWQiOjEyMDd9
photo of woman looking right	https://images.unsplash.com/photo-1470406852800-b97e5d92e2aa?ixlib=rb-1.2.1&q=80&fm=jpg&crop=entropy&cs=tinysrgb&w=1080&fit=max&ixid=eyJhcHBfaWQiOjEyMDd9
woman with orange and white floral headdress	https://images.unsplash.com/photo-1462398355601-12d5b9db2f3d?ixlib=rb-1.2.1&q=80&fm=jpg&crop=entropy&cs=tinysrgb&w=1080&fit=max&ixid=eyJhcHBfaWQiOjEyMDd9
woman in red knit V-neck shirt in forest	https://images.unsplash.com/photo-1545912453-3d32e20f72bf?ixlib=rb-1.2.1&q=80&fm=jpg&crop=entropy&cs=tinysrgb&w=1080&fit=max&ixid=eyJhcHBfaWQiOjEyMDd9
woman standing in brown field	https://images.unsplash.com/photo-1541971297127-c4e6f05297da?ixlib=rb-1.2.1&q=80&fm=jpg&crop=entropy&cs=tinysrgb&w=1080&fit=max&ixid=eyJhcHBfaWQiOjEyMDd9
woman in gray knitted sweater with hands on cheeks	https://images.unsplash.com/photo-1549051850-b85e1dbf0e37?ixlib=rb-1.2.1&q=80&fm=jpg&crop=entropy&cs=tinysrgb&w=1080&fit=max&ixid=eyJhcHBfaWQiOjEyMDd9
woman walking on pathway near concrete building	https://images.unsplash.com/photo-1464623629616-691a93f8556b?ixlib=rb-1.2.1&q=80&fm=jpg&crop=entropy&cs=tinysrgb&w=1080&fit=max&ixid=eyJhcHBfaWQiOjEyMDd9
woman in red sports bra holding cruiser bike	https://images.unsplash.com/photo-1510856609-10290c3de55b?ixlib=rb-1.2.1&q=80&fm=jpg&crop=entropy&cs=tinysrgb&w=1080&fit=max&ixid=eyJhcHBfaWQiOjEyMDd9
woman wearing black top	https://images.unsplash.com/photo-1552699498-ec96cf4765ac?ixlib=rb-1.2.1&q=80&fm=jpg&crop=entropy&cs=tinysrgb&w=1080&fit=max&ixid=eyJhcHBfaWQiOjEyMDd9
woman standing on black concrete staircase	https://images.unsplash.com/photo-1551048633-8c03f448307f?ixlib=rb-1.2.1&q=80&fm=jpg&crop=entropy&cs=tinysrgb&w=1080&fit=max&ixid=eyJhcHBfaWQiOjEyMDd9
woman smiling wearing denim jacket	https://images.unsplash.com/photo-1546961329-78bef0414d7c?ixlib=rb-1.2.1&q=80&fm=jpg&crop=entropy&cs=tinysrgb&w=1080&fit=max&ixid=eyJhcHBfaWQiOjEyMDd9
women's white shirt and blue denim jeans	https://images.unsplash.com/photo-1491438685042-6e6d559f350a?ixlib=rb-1.2.1&q=80&fm=jpg&crop=entropy&cs=tinysrgb&w=1080&fit=max&ixid=eyJhcHBfaWQiOjEyMDd9
woman in white top and red 2-piece suit	https://images.unsplash.com/photo-1567849840003-3883199f7efa?ixlib=rb-1.2.1&q=80&fm=jpg&crop=entropy&cs=tinysrgb&w=1080&fit=max&ixid=eyJhcHBfaWQiOjEyMDd9
woman standing and looking mountain at daytime	https://images.unsplash.com/photo-1565787731075-f7e06ca5fa1e?ixlib=rb-1.2.1&q=80&fm=jpg&crop=entropy&cs=tinysrgb&w=1080&fit=max&ixid=eyJhcHBfaWQiOjEyMDd9
smiling woman wearing brown top standing near red petaled flowers	https://images.unsplash.com/photo-1554101060-10a4e8a36385?ixlib=rb-1.2.1&q=80&fm=jpg&crop=entropy&cs=tinysrgb&w=1080&fit=max&ixid=eyJhcHBfaWQiOjEyMDd9
woman leaning k=on wall	https://images.unsplash.com/flagged/photo-1559502867-c406bd78ff24?ixlib=rb-1.2.1&q=80&fm=jpg&crop=entropy&cs=tinysrgb&w=1080&fit=max&ixid=eyJhcHBfaWQiOjEyMDd9
woman standing on flower field	https://images.unsplash.com/photo-1561709316-d1bc557d47de?ixlib=rb-1.2.1&q=80&fm=jpg&crop=entropy&cs=tinysrgb&w=1080&fit=max&ixid=eyJhcHBfaWQiOjEyMDd9
woman spreading arms during daytime	https://images.unsplash.com/photo-1546383906-0c780bf53528?ixlib=rb-1.2.1&q=80&fm=jpg&crop=entropy&cs=tinysrgb&w=1080&fit=max&ixid=eyJhcHBfaWQiOjEyMDd9
two women standing on mountain while looking on road	https://images.unsplash.com/photo-1552468982-160d982c259f?ixlib=rb-1.2.1&q=80&fm=jpg&crop=entropy&cs=tinysrgb&w=1080&fit=max&ixid=eyJhcHBfaWQiOjEyMDd9
woman standing near grass field during daytime	https://images.unsplash.com/photo-1550427375-c5201042b6ad?ixlib=rb-1.2.1&q=80&fm=jpg&crop=entropy&cs=tinysrgb&w=1080&fit=max&ixid=eyJhcHBfaWQiOjEyMDd9
woman wearing blue button-up jacket besides brown wooden pallets	https://images.unsplash.com/photo-1498113443196-affbfb744d61?ixlib=rb-1.2.1&q=80&fm=jpg&crop=entropy&cs=tinysrgb&w=1080&fit=max&ixid=eyJhcHBfaWQiOjEyMDd9
woman in red jacket	https://images.unsplash.com/photo-1565108696736-f6073978dd5f?ixlib=rb-1.2.1&q=80&fm=jpg&crop=entropy&cs=tinysrgb&w=1080&fit=max&ixid=eyJhcHBfaWQiOjEyMDd9
woman sitting on brown cliff during daytime	https://images.unsplash.com/photo-1567086622743-87e7bad651f6?ixlib=rb-1.2.1&q=80&fm=jpg&crop=entropy&cs=tinysrgb&w=1080&fit=max&ixid=eyJhcHBfaWQiOjEyMDd9
woman standing near grass field	https://images.unsplash.com/photo-1568306154108-83e300a0d1d9?ixlib=rb-1.2.1&q=80&fm=jpg&crop=entropy&cs=tinysrgb&w=1080&fit=max&ixid=eyJhcHBfaWQiOjEyMDd9
woman wearing gray trench coat in selective focus photography	https://images.unsplash.com/photo-1549836938-d278c5d46d20?ixlib=rb-1.2.1&q=80&fm=jpg&crop=entropy&cs=tinysrgb&w=1080&fit=max&ixid=eyJhcHBfaWQiOjEyMDd9
woman in blue long-sleeved top and gray sweatpants lying on concrete surface	https://images.unsplash.com/photo-1550754705-0f72c79af2f0?ixlib=rb-1.2.1&q=80&fm=jpg&crop=entropy&cs=tinysrgb&w=1080&fit=max&ixid=eyJhcHBfaWQiOjEyMDd9
woman wearing black hat staring at sunset	https://images.unsplash.com/photo-1483909796554-bb0051ab60ad?ixlib=rb-1.2.1&q=80&fm=jpg&crop=entropy&cs=tinysrgb&w=1080&fit=max&ixid=eyJhcHBfaWQiOjEyMDd9
smiling woman leaning on brown wall	https://images.unsplash.com/photo-1548025982-43021fba306a?ixlib=rb-1.2.1&q=80&fm=jpg&crop=entropy&cs=tinysrgb&w=1080&fit=max&ixid=eyJhcHBfaWQiOjEyMDd9
selective focus photography of woman wearing green long-sleeved top leaning on wall	https://images.unsplash.com/photo-1566843828388-c9222db29214?ixlib=rb-1.2.1&q=80&fm=jpg&crop=entropy&cs=tinysrgb&w=1080&fit=max&ixid=eyJhcHBfaWQiOjEyMDd9
